strain_name,thc_percent,cbd_percent,cbn_percent,myrcene,limonene,caryophyllene,linalool,pinene,humulene,terpinolene,ocimene,primary_effects,medical_uses,strain_type,data_quality,sample_count,data_source,cbg_percent,thcv_percent,cbc_percent,cbdv_percent,sample_count
Blue Dream,17.0,0.1,0.0,0.0072,0.001,0.0058,0.0082,0.0074,0.0043,0.0007,0.0,"Relaxation,Euphoria,Creativity","Pain,Depression,Nausea,Insomnia",Hybrid,Hybrid - Lab terpenes + Manual metadata,425,Hybrid: Lab terpenes (425 samples) + Manual metadata,0.45033734939759035,0.22930232558139532,0.3225769230769231,0.055,1020
Dutch Treat,1.4,0.15,0.1,0.0037,0.0144,0.0038,0.0155,0.0019,0.0041,0.0035,0.0011,"Sedation,Euphoria,Energy","Anxiety,Depression",Sativa,Lab-Only - All data from laboratory testing,273,"Lab-Verified: 273 samples from Analytical 360, SC Labs",0.740873786407767,0.535,0.2500251889168766,0.0,579
Harlequin,9.0,9.0,0.0,0.0043,0.0018,0.0028,0.0092,0.0031,0.0025,0.0003,0.0005,"Relaxation,Focus,Clarity","Pain,Anxiety,Inflammation,Seizures",Sativa,Hybrid - Lab terpenes + Manual metadata,188,Hybrid: Lab terpenes (188 samples) + Manual metadata,0.4398181818181819,0.08333333333333333,0.39216300940438875,0.03,467
Girl Scout Cookies,18.0,0.1,0.1,0.003,0.0015,0.0091,0.0067,0.0042,0.0104,0.0003,0.0,"Euphoria,Relaxation,Happiness","Pain,Nausea,Appetite,Stress",Hybrid,Hybrid - Lab terpenes + Manual metadata,166,Hybrid: Lab terpenes (166 samples) + Manual metadata,0.6404320987654321,0.07108108108108109,0.22094850948509484,0.0,468
Sour Diesel,20.0,0.1,0.0,0.0066,0.0051,0.009,0.0076,0.0068,0.0123,0.0007,0.0001,"Energy,Euphoria,Creativity","Depression,Fatigue,Stress,Focus",Sativa,Hybrid - Lab terpenes + Manual metadata,137,Hybrid: Lab terpenes (137 samples) + Manual metadata,0.5291119691119692,0.2292727272727273,0.33312121212121215,0.02,520
Super Lemon Haze,19.0,0.1,0.0,0.0045,0.0094,0.0113,0.0095,0.0039,0.0061,0.0101,0.0256,"Energy,Euphoria,Creativity","Depression,Fatigue,Stress,Focus",Sativa,Hybrid - Lab terpenes + Manual metadata,137,Hybrid: Lab terpenes (137 samples) + Manual metadata,0.8093388429752066,0.16606060606060605,0.2555696202531646,0.01,246
OG Kush,19.0,0.1,0.1,0.0033,0.002,0.0062,0.0066,0.0039,0.0107,0.0009,0.0004,"Relaxation,Euphoria,Happiness","Stress,Pain,Insomnia,Appetite",Hybrid,Hybrid - Lab terpenes + Manual metadata,135,Hybrid: Lab terpenes (135 samples) + Manual metadata,0.5317674418604651,0.10333333333333333,0.33947882736156354,0.0,496
Green Crack,17.0,0.1,0.0,0.0059,0.0023,0.0053,0.0084,0.0073,0.0048,0.0005,0.0008,"Energy,Focus,Euphoria","Fatigue,Depression,Stress,Focus",Sativa,Hybrid - Lab terpenes + Manual metadata,133,Hybrid: Lab terpenes (133 samples) + Manual metadata,0.5984536082474228,0.24444444444444446,0.28192307692307694,0.0,245
Grape Ape,2.3,0.13,0.16,0.0107,0.0015,0.0056,0.0058,0.0082,0.0056,0.0003,0.0112,"Relaxation,Sedation","Pain,Insomnia",Indica,Lab-Only - All data from laboratory testing,120,"Lab-Verified: 120 samples from Analytical 360, PSI Labs, SC Labs",0.4155384615384616,0.16818181818181818,0.24942622950819668,0.01,201
Cinex,0.7,0.12,0.07,0.0014,0.0015,0.0038,0.0055,0.0031,0.0104,0.0001,0.0001,Happiness,Stress,Hybrid,Lab-Only - All data from laboratory testing,113,Lab-Verified: 113 samples from Analytical 360,0.3714457831325301,0.0,0.22141791044776116,0.0,201
Gorilla Glue #4,25.0,0.1,0.1,0.002,0.0024,0.0077,0.001,0.0042,0.0116,0.0002,0.0,"Relaxation,Euphoria,Sedation","Pain,Stress,Insomnia,Appetite",Hybrid,Hybrid - Lab terpenes + Manual metadata,112,Hybrid: Lab terpenes (112 samples) + Manual metadata,0.6055045871559632,0.15258620689655172,0.17341463414634145,0.01,165
Blackberry Kush,3.0,0.13,0.11,0.0036,0.0017,0.0048,0.0084,0.0035,0.0077,0.0002,0.0,Happiness,"Anxiety,Stress",Hybrid,Lab-Only - All data from laboratory testing,110,"Lab-Verified: 110 samples from Analytical 360, PSI Labs, SC Labs",0.45380952380952383,0.20666666666666667,0.25046511627906975,0.0,197
Blueberry,16.0,0.1,0.2,0.0057,0.0007,0.0057,0.0093,0.0043,0.0054,0.0015,0.0001,"Relaxation,Euphoria,Happiness","Insomnia,Pain,Stress,Anxiety",Indica,Hybrid - Lab terpenes + Manual metadata,109,Hybrid: Lab terpenes (109 samples) + Manual metadata,0.6775203252032521,0.16630434782608694,0.3040437158469945,0.0,592
RSO,44.8,2.67,0.71,0.0007,0.0027,0.008,0.0012,0.0058,0.0114,0.0008,0.0,Happiness,"Pain,Inflammation",Hybrid,Lab-Only - All data from laboratory testing,109,"Lab-Verified: 109 samples from Analytical 360, PSI Labs, SC Labs",2.119627906976744,0.3569230769230769,1.7678307392996109,0.43600000000000005,1163
White Widow,18.0,0.1,0.0,0.0048,0.0021,0.0054,0.0138,0.0026,0.0071,0.0006,0.0001,"Energy,Euphoria,Creativity","Depression,Stress,Pain,Fatigue",Hybrid,Hybrid - Lab terpenes + Manual metadata,107,Hybrid: Lab terpenes (107 samples) + Manual metadata,0.353103448275862,0.36,0.29993103448275865,0.0,246
Jack Herer,18.0,0.1,0.0,0.005,0.0064,0.0082,0.0127,0.0043,0.0055,0.0122,0.0005,"Energy,Focus,Creativity,Euphoria","Depression,Fatigue,Stress,Focus",Sativa,Hybrid - Lab terpenes + Manual metadata,101,Hybrid: Lab terpenes (101 samples) + Manual metadata,0.6310112359550563,0.285,0.27862318840579714,0.0,221
Pineapple Express,19.0,0.1,0.0,0.0098,0.0027,0.0083,0.011,0.0144,0.0085,0.001,0.0001,"Energy,Euphoria,Creativity","Depression,Fatigue,Stress,Focus",Hybrid,Hybrid - Lab terpenes + Manual metadata,100,Hybrid: Lab terpenes (100 samples) + Manual metadata,0.3716883116883116,0.42000000000000004,0.2201851851851852,0.0,198
Bubba Kush,14.0,0.1,0.3,0.0025,0.0022,0.0054,0.0083,0.0025,0.0129,0.0003,0.0,"Sedation,Relaxation,Happiness","Insomnia,Pain,Stress,Anxiety",Indica,Hybrid - Lab terpenes + Manual metadata,96,Hybrid: Lab terpenes (96 samples) + Manual metadata,0.47874999999999995,0.092,0.32377952755905504,0.0,252
Super Silver Haze,1.3,0.09,0.12,0.0045,0.0037,0.0056,0.0103,0.0022,0.0045,0.0011,0.0005,Sedation,"Anxiety,Stress",Hybrid,Lab-Only - All data from laboratory testing,94,"Lab-Verified: 94 samples from Analytical 360, SC Labs",0.758181818181818,0.2357142857142857,0.2878787878787878,0.01,163
Chernobyl,1.5,0.14,0.11,0.0023,0.0054,0.0051,0.004,0.0049,0.0062,0.0019,0.0001,"Euphoria,Creativity","Anxiety,Stress",Hybrid,Lab-Only - All data from laboratory testing,90,"Lab-Verified: 90 samples from Analytical 360, PSI Labs, SC Labs",0.43962025316455683,0.12,0.23443609022556391,0.0,202
Tahoe OG,2.4,0.12,0.17,0.0034,0.0016,0.0049,0.0087,0.0059,0.0083,0.0003,0.0,Happiness,"Anxiety,Insomnia",Hybrid,Lab-Only - All data from laboratory testing,85,"Lab-Verified: 85 samples from Analytical 360, PSI Labs, SC Labs",0.3952380952380952,0.10850000000000001,0.12127272727272727,0.0,182
Purple Kush,17.0,0.1,0.4,0.0044,0.0019,0.006,0.0062,0.0047,0.0069,0.0003,0.0004,"Sedation,Relaxation,Happiness","Insomnia,Pain,Stress,Anxiety",Indica,Hybrid - Lab terpenes + Manual metadata,84,Hybrid: Lab terpenes (84 samples) + Manual metadata,0.4785483870967742,0.2675,0.24019047619047618,0.06,173
Permafrost,2.3,0.18,0.22,0.0034,0.0034,0.0064,0.009,0.0041,0.0049,0.0005,0.0,Happiness,"Pain,Anxiety,Insomnia",Hybrid,Lab-Only - All data from laboratory testing,83,"Lab-Verified: 83 samples from Analytical 360, PSI Labs",0.5701923076923077,0.05500000000000001,0.26917647058823535,0.0,154
Cherry Pie,16.0,0.1,0.0,0.0054,0.0017,0.0081,0.0041,0.0038,0.0082,0.0002,0.0003,"Relaxation,Euphoria,Happiness","Stress,Pain,Anxiety,Insomnia",Hybrid,Hybrid - Lab terpenes + Manual metadata,80,Hybrid: Lab terpenes (80 samples) + Manual metadata,0.48816666666666664,0.06285714285714286,0.24468468468468468,0.0,152
Cannatonic,1.8,3.73,0.26,0.0063,0.0013,0.0028,0.0083,0.0033,0.0039,0.0002,0.0,Relaxation,"Pain,Anxiety,Insomnia,Inflammation",Indica,Lab-Only - All data from laboratory testing,79,"Lab-Verified: 79 samples from Analytical 360, PSI Labs, SC Labs",0.6781818181818182,0.10666666666666667,0.5160377358490565,0.08,211
Gorilla Glue,9.2,0.07,0.06,0.0048,0.0066,0.012,0.0013,0.006,0.0114,0.0005,0.0,"Euphoria,Focus,Creativity","Pain,Anxiety,Inflammation",Hybrid,Lab-Only - All data from laboratory testing,77,"Lab-Verified: 77 samples from Analytical 360, PSI Labs, SC Labs",0.6348017621145374,0.1784251968503937,0.23983402489626554,0.045,332
Sour Tsunami,0.3,0.95,0.14,0.004,0.0031,0.0032,0.003,0.0012,0.003,0.0014,0.001,Happiness,"Inflammation,Stress",Hybrid,Lab-Only - All data from laboratory testing,77,"Lab-Verified: 77 samples from Analytical 360, SC Labs",0.7050000000000002,0.0,0.2611538461538462,0.21,149
Cotton Candy,3.2,0.21,0.19,0.0018,0.0013,0.0041,0.0062,0.0037,0.009,0.0004,0.0004,Happiness,Stress,Hybrid,Lab-Only - All data from laboratory testing,73,Lab-Verified: 73 samples from Analytical 360,0.5063461538461538,0.0,0.21052631578947367,0.0,137
Trainwreck,18.0,0.1,0.0,0.0074,0.0047,0.0091,0.0097,0.0065,0.0069,0.0116,0.0268,"Energy,Euphoria,Creativity","Depression,Stress,Pain,Fatigue",Hybrid,Hybrid - Lab terpenes + Manual metadata,69,Hybrid: Lab terpenes (69 samples) + Manual metadata,0.7730701754385966,0.17333333333333334,0.6166455696202532,0.0,247
AK-47,20.0,0.1,0.0,0.0055,0.0007,0.0044,0.0106,0.0029,0.0056,0.0002,0.0004,"Relaxation,Euphoria,Creativity","Stress,Depression,Pain,Anxiety",Hybrid,Hybrid - Lab terpenes + Manual metadata,66,Hybrid: Lab terpenes (66 samples) + Manual metadata,0.32111111111111107,0.13,0.2316129032258064,0.0,132
Master Kush,2.8,0.09,0.13,0.0025,0.0049,0.0048,0.0106,0.0045,0.0079,0.0003,0.0,"Sedation,Creativity","Anxiety,Stress",Hybrid,Lab-Only - All data from laboratory testing,65,"Lab-Verified: 65 samples from Analytical 360, PSI Labs, SC Labs",0.893157894736842,0.2758333333333333,0.18166666666666664,0.0,117
Afgoo,2.4,0.26,0.11,0.0092,0.0009,0.0041,0.0097,0.0039,0.0044,0.0002,0.0012,"Relaxation,Sedation","Pain,Anxiety,Insomnia",Indica,Lab-Only - All data from laboratory testing,64,"Lab-Verified: 64 samples from Analytical 360, SC Labs",0.6142666666666666,0.01,0.3121167883211679,0.0,229
Girl Scout Cookie,4.8,0.12,0.08,0.0041,0.0022,0.007,0.0068,0.005,0.0089,0.0004,0.0,Happiness,"Pain,Stress",Hybrid,Lab-Only - All data from laboratory testing,64,"Lab-Verified: 64 samples from Analytical 360, PSI Labs, SC Labs",0.6571914893617021,0.1145098039215686,0.21378757515030059,0.0,641
Chocolope,2.2,0.09,0.08,0.0039,0.0014,0.0061,0.0074,0.0025,0.0042,0.0001,0.0,Happiness,"Pain,Anxiety",Hybrid,Lab-Only - All data from laboratory testing,63,"Lab-Verified: 63 samples from Analytical 360, PSI Labs, SC Labs",0.7248888888888888,0.06375,0.2592982456140351,0.0,107
Northern Lights,16.0,0.1,0.3,0.005,0.0009,0.0056,0.0111,0.0036,0.0068,0.0006,0.0007,"Sedation,Relaxation,Euphoria","Insomnia,Pain,Stress,Anxiety",Indica,Hybrid - Lab terpenes + Manual metadata,60,Hybrid: Lab terpenes (60 samples) + Manual metadata,0.63009900990099,0.2825,0.3943269230769231,0.0,196
ATF,2.7,0.13,0.19,0.003,0.0004,0.0064,0.0086,0.0034,0.0092,0.0011,0.0002,Happiness,"Pain,Anxiety,Insomnia",Hybrid,Lab-Only - All data from laboratory testing,56,Lab-Verified: 56 samples from Analytical 360,0.5983783783783783,0.055,0.26661764705882346,0.0,111
Grapefruit,2.3,0.14,0.14,0.0039,0.0019,0.005,0.0052,0.0016,0.0077,0.0007,0.0,Happiness,Stress,Hybrid,Lab-Only - All data from laboratory testing,56,"Lab-Verified: 56 samples from Analytical 360, SC Labs",1.0906666666666667,0.2859999999999999,0.20626168224299066,0.0,148
Durban Poison,15.0,0.1,0.0,0.0024,0.0059,0.0056,0.0046,0.0022,0.0072,0.0104,0.0002,"Energy,Focus,Euphoria","Fatigue,Depression,Stress,Focus",Sativa,Hybrid - Lab terpenes + Manual metadata,54,Hybrid: Lab terpenes (54 samples) + Manual metadata,0.7163636363636363,0.7172222222222221,0.47596491228070176,0.01,99
Headband,17.0,0.1,0.0,0.0092,0.0072,0.0126,0.0053,0.0042,0.0106,0.001,0.0001,"Relaxation,Euphoria,Creativity","Pain,Stress,Depression,Anxiety",Hybrid,Hybrid - Lab terpenes + Manual metadata,53,Hybrid: Lab terpenes (53 samples) + Manual metadata,0.8101136363636364,0.20400000000000001,0.3755038759689922,0.0,199
Lavender,2.1,0.13,0.15,0.0035,0.0032,0.0044,0.0067,0.0051,0.0053,0.0012,0.0006,Focus,Stress,Hybrid,Lab-Only - All data from laboratory testing,53,"Lab-Verified: 53 samples from Analytical 360, PSI Labs, SC Labs",0.6992857142857142,0.39470588235294124,0.34529411764705886,0.0,176
Plushberry,2.3,0.1,0.07,0.0056,0.0024,0.0051,0.0112,0.0049,0.0029,0.0011,0.0,Sedation,"Anxiety,Stress",Indica,Lab-Only - All data from laboratory testing,53,"Lab-Verified: 53 samples from Analytical 360, PSI Labs",0.33925,0.09000000000000001,0.3198214285714286,0.0,110
Blue Cheese,0.8,0.16,0.06,0.0047,0.0042,0.0049,0.0116,0.005,0.0057,0.0008,0.0002,"Sedation,Creativity","Anxiety,Stress",Hybrid,Lab-Only - All data from laboratory testing,52,"Lab-Verified: 52 samples from Analytical 360, PSI Labs, SC Labs",0.4706451612903226,0.2,0.20491525423728812,0.01,96
Remedy,1.3,2.55,0.15,0.0032,0.0003,0.0021,0.0065,0.0017,0.0006,0.0002,0.0,Happiness,"Inflammation,Stress",Hybrid,Lab-Only - All data from laboratory testing,52,Lab-Verified: 52 samples from Analytical 360,0.6656249999999999,0.0,0.5277173913043478,0.11,109
Ace of Spades,0.8,0.11,0.08,0.0059,0.0035,0.0045,0.0105,0.0046,0.0048,0.0014,0.0,Sedation,"Anxiety,Stress",Indica,Lab-Only - All data from laboratory testing,49,"Lab-Verified: 49 samples from Analytical 360, PSI Labs",0.23185185185185186,0.01,0.1729787234042553,0.0,84
God Bud,0.7,0.11,0.13,0.0029,0.0016,0.0037,0.0127,0.0031,0.0035,0.0005,0.0,Sedation,"Anxiety,Stress",Hybrid,Lab-Only - All data from laboratory testing,49,Lab-Verified: 49 samples from Analytical 360,0.5735483870967742,0.32,0.21314814814814811,0.0,95
Purple Arrow,0.9,0.15,0.19,0.0025,0.0001,0.0089,0.0087,0.005,0.0026,0.0009,0.0,Happiness,"Pain,Anxiety,Insomnia,Inflammation",Hybrid,Lab-Only - All data from laboratory testing,49,Lab-Verified: 49 samples from Analytical 360,0.48681818181818187,0.0,0.22903225806451608,0.0,84
The White,2.4,0.14,0.06,0.0023,0.0011,0.006,0.0025,0.0056,0.0063,0.0005,0.0,Happiness,Stress,Hybrid,Lab-Only - All data from laboratory testing,49,"Lab-Verified: 49 samples from Analytical 360, PSI Labs, SC Labs",0.27448275862068966,0.17200000000000001,0.1025,0.0,89
Cheese,2.4,0.12,0.06,0.0037,0.0032,0.0092,0.0099,0.0045,0.0081,0.0008,0.0,Happiness,"Pain,Anxiety,Inflammation",Hybrid,Lab-Only - All data from laboratory testing,48,"Lab-Verified: 48 samples from Analytical 360, PSI Labs, SC Labs",0.4140384615384616,0.10166666666666667,0.2290311418685121,0.06,506
Cynex,0.6,0.11,0.05,0.001,0.0006,0.0043,0.0148,0.0042,0.0105,0.0005,0.0,Sedation,"Anxiety,Stress",Hybrid,Lab-Only - All data from laboratory testing,48,Lab-Verified: 48 samples from Analytical 360,0.2552173913043479,0.0,0.12983050847457628,0.0,72
Lemon Skunk,1.7,0.09,0.1,0.002,0.0055,0.0078,0.0141,0.0013,0.0059,0.0023,0.0,"Sedation,Euphoria,Creativity","Pain,Anxiety,Inflammation",Hybrid,Lab-Only - All data from laboratory testing,48,"Lab-Verified: 48 samples from Analytical 360, PSI Labs, SC Labs",0.7290163934426229,0.029375000000000002,0.2561538461538462,0.0,125
Platinum Girl Scout Cookies,1.4,0.09,0.16,0.0021,0.0013,0.0076,0.014,0.0061,0.0129,0.0002,0.0,Sedation,"Pain,Anxiety,Insomnia,Inflammation",Hybrid,Lab-Only - All data from laboratory testing,48,"Lab-Verified: 48 samples from Analytical 360, PSI Labs, SC Labs",0.5860869565217393,0.105,0.10446153846153847,0.0,78
BHO Blue Dream,6.4,0.49,0.21,0.0029,0.0049,0.017,0.0427,0.0141,0.0085,0.0021,0.0,"Sedation,Focus,Creativity","Pain,Anxiety,Insomnia,Inflammation",Hybrid,Lab-Only - All data from laboratory testing,47,Lab-Verified: 47 samples from Analytical 360,0.5100000000000001,0.0,0.3364444444444445,0.0,119
Bubble Gum,2.8,0.12,0.09,0.0075,0.0029,0.0055,0.0085,0.004,0.0095,0.0003,0.0002,Relaxation,"Pain,Anxiety,Insomnia",Indica,Lab-Only - All data from laboratory testing,46,"Lab-Verified: 46 samples from Analytical 360, PSI Labs, SC Labs",0.6505263157894735,0.04,0.5101923076923077,0.0,83
Blackberry,1.1,0.14,0.08,0.0041,0.0002,0.0052,0.0072,0.0035,0.0057,0.0,0.0,Happiness,"Anxiety,Stress",Hybrid,Lab-Only - All data from laboratory testing,44,"Lab-Verified: 44 samples from Analytical 360, PSI Labs",0.6681739130434783,0.23307692307692307,0.28059602649006615,0.0,327
Romulan,0.8,0.12,0.16,0.0047,0.0002,0.0053,0.0084,0.0026,0.012,0.0009,0.0,Happiness,"Anxiety,Insomnia",Hybrid,Lab-Only - All data from laboratory testing,44,"Lab-Verified: 44 samples from Analytical 360, PSI Labs",0.671875,0.3975,0.28911764705882353,0.0,122
White Rhino,0.9,0.14,0.16,0.0047,0.0043,0.0043,0.0092,0.0023,0.0066,0.0015,0.0,Creativity,"Anxiety,Insomnia",Hybrid,Lab-Only - All data from laboratory testing,43,Lab-Verified: 43 samples from Analytical 360,0.225,0.0,0.20652173913043476,0.0,67
Grand Daddy Purple,3.7,0.1,0.15,0.0188,0.0028,0.0088,0.0068,0.0135,0.0076,0.0002,0.0076,"Relaxation,Sedation","Pain,Insomnia,Inflammation",Indica,Lab-Only - All data from laboratory testing,42,"Lab-Verified: 42 samples from Analytical 360, PSI Labs, SC Labs",0.5666666666666667,0.14,0.21204545454545454,0.0,78
Jack the Ripper,1.3,0.14,0.1,0.0019,0.0066,0.0038,0.009,0.0033,0.0041,0.0038,0.0004,"Euphoria,Creativity","Anxiety,Stress",Hybrid,Lab-Only - All data from laboratory testing,42,"Lab-Verified: 42 samples from Analytical 360, SC Labs",0.5064285714285715,0.03,0.1318181818181818,0.0,73
Strawberry Cough,15.0,0.1,0.0,0.0246,0.0032,0.0059,0.0117,0.0113,0.0041,0.0012,0.0259,"Energy,Euphoria,Focus","Stress,Depression,Fatigue,Anxiety",Sativa,Hybrid - Lab terpenes + Manual metadata,42,Hybrid: Lab terpenes (42 samples) + Manual metadata,0.9681818181818181,0.168,0.3706122448979592,0.0,80
Black Cherry Soda,0.6,0.14,0.16,0.0021,0.0012,0.0046,0.0041,0.0016,0.0033,0.0007,0.0,Happiness,Stress,Hybrid,Lab-Only - All data from laboratory testing,41,Lab-Verified: 41 samples from Analytical 360,0.46625000000000005,0.0,0.19391304347826083,0.0,69
Critical Mass,1.5,0.77,0.09,0.0035,0.0,0.0043,0.0076,0.0027,0.0074,0.0005,0.0,Happiness,"Anxiety,Inflammation",Hybrid,Lab-Only - All data from laboratory testing,41,Lab-Verified: 41 samples from Analytical 360,0.3784615384615385,0.04777777777777778,0.21650793650793645,0.0,84
XJ-13,18.0,0.1,0.0,0.0013,0.0082,0.0054,0.0087,0.001,0.004,0.0039,0.0012,"Energy,Focus,Euphoria","Depression,Fatigue,Stress,Focus",Sativa,Hybrid - Lab terpenes + Manual metadata,41,Hybrid: Lab terpenes (41 samples) + Manual metadata,0.24050000000000002,0.01,0.11021276595744682,0.0,72
Agent Orange,3.5,0.09,0.08,0.0052,0.0008,0.0021,0.0018,0.0011,0.0027,0.0007,0.0,Happiness,Stress,Indica,Lab-Only - All data from laboratory testing,40,"Lab-Verified: 40 samples from Analytical 360, PSI Labs",0.3458974358974359,0.07666666666666667,0.2377777777777778,0.0,84
GDP,4.4,0.11,0.19,0.0056,0.0012,0.0041,0.0079,0.0065,0.0052,0.0001,0.0009,Happiness,"Anxiety,Stress",Indica,Lab-Only - All data from laboratory testing,40,"Lab-Verified: 40 samples from Analytical 360, SC Labs",0.5756140350877194,0.3406666666666666,0.3916867469879518,0.02,135
ACDC,6.0,14.0,0.0,0.0219,0.002,0.004,0.0,0.0185,0.0023,0.0015,0.0,"Relaxation,Clarity,Focus","Pain,Anxiety,Inflammation,Seizures",Sativa,Hybrid - Lab terpenes + Manual metadata,39,Hybrid: Lab terpenes (39 samples) + Manual metadata,0.7588372093023257,0.21333333333333335,0.7061290322580646,0.24833333333333338,103
Kimbo Kush,0.7,0.13,0.01,0.0007,0.0007,0.005,0.002,0.0012,0.0052,0.0,0.0,Happiness,Stress,Hybrid,Lab-Only - All data from laboratory testing,39,"Lab-Verified: 39 samples from Analytical 360, PSI Labs, SC Labs",0.2463636363636363,0.01,0.055,0.0,62
Hawaiian Dutch,0.9,0.16,0.49,0.009,0.0022,0.0024,0.0124,0.0008,0.003,0.0007,0.0,"Relaxation,Sedation","Pain,Anxiety,Insomnia",Indica,Lab-Only - All data from laboratory testing,38,Lab-Verified: 38 samples from Analytical 360,1.128181818181818,0.0,0.14949152542372884,0.0,76
LA Confidential,16.0,0.1,0.2,0.0024,0.0036,0.005,0.014,0.0051,0.0097,0.0,0.0001,"Sedation,Relaxation,Euphoria","Insomnia,Pain,Stress,Anxiety",Indica,Hybrid - Lab terpenes + Manual metadata,38,Hybrid: Lab terpenes (38 samples) + Manual metadata,0.25666666666666665,0.07,0.10999999999999999,0.0,57
AC/DC,0.6,0.76,0.15,0.0068,0.0016,0.0036,0.0011,0.0027,0.0023,0.0009,0.0007,Relaxation,"Pain,Inflammation",Indica,Lab-Only - All data from laboratory testing,37,"Lab-Verified: 37 samples from Analytical 360, SC Labs",0.6417499999999999,0.13666666666666666,0.6120967741935484,0.23333333333333336,76
Blue Rhino,2.4,0.19,0.18,0.0042,0.0056,0.0056,0.0122,0.004,0.0027,0.0008,0.0,"Sedation,Euphoria,Creativity","Anxiety,Insomnia",Hybrid,Lab-Only - All data from laboratory testing,36,"Lab-Verified: 36 samples from Analytical 360, PSI Labs",0.4976190476190477,0.0,0.2963636363636364,0.0,47
White Russian,1.2,0.12,0.08,0.0038,0.0025,0.004,0.0095,0.0027,0.0051,0.0017,0.0004,Happiness,"Anxiety,Stress",Hybrid,Lab-Only - All data from laboratory testing,36,Lab-Verified: 36 samples from Analytical 360,0.40304347826086945,0.0,0.22685714285714284,0.0,58
Purple Urkle,0.7,0.08,0.16,0.0056,0.0035,0.0039,0.0093,0.0065,0.0076,0.0009,0.0,Focus,"Anxiety,Insomnia",Indica,Lab-Only - All data from laboratory testing,35,"Lab-Verified: 35 samples from Analytical 360, SC Labs",0.35758620689655174,0.04,0.28243243243243243,0.0,66
Grape God,3.1,0.2,0.1,0.0059,0.002,0.0082,0.0123,0.0039,0.0047,0.0011,0.0001,Sedation,"Pain,Anxiety,Inflammation",Indica,Lab-Only - All data from laboratory testing,34,Lab-Verified: 34 samples from Analytical 360,0.8810000000000002,0.14250000000000002,0.31016393442622947,0.0,82
Pineapple Chunk,4.2,0.15,0.1,0.0034,0.0018,0.0085,0.0114,0.0034,0.0066,0.0023,0.0,Sedation,"Pain,Anxiety,Inflammation",Hybrid,Lab-Only - All data from laboratory testing,34,"Lab-Verified: 34 samples from Analytical 360, PSI Labs, SC Labs",1.191470588235294,0.21523809523809523,0.29,0.0,60
Sensi Star,1.4,0.14,0.12,0.0091,0.0083,0.008,0.0116,0.0059,0.0089,0.01,0.04,"Relaxation,Sedation,Euphoria","Pain,Anxiety,Insomnia,Inflammation",Hybrid,Lab-Only - All data from laboratory testing,34,"Lab-Verified: 34 samples from Analytical 360, PSI Labs",0.44449999999999995,0.15,0.11026315789473685,0.0,61
Sour OG,2.1,0.1,0.08,0.0023,0.0008,0.0047,0.0078,0.0057,0.0115,0.0005,0.0,Happiness,"Anxiety,Stress",Hybrid,Lab-Only - All data from laboratory testing,34,"Lab-Verified: 34 samples from Analytical 360, PSI Labs, SC Labs",0.39846153846153853,0.08181818181818182,0.1475,0.0,78
Tangerine Dream,5.8,0.15,0.37,0.0041,0.0119,0.0036,0.0125,0.0044,0.0045,0.0008,0.0,"Sedation,Euphoria,Energy","Anxiety,Insomnia,Depression",Sativa,Lab-Only - All data from laboratory testing,34,"Lab-Verified: 34 samples from Analytical 360, PSI Labs",0.6780952380952382,0.08666666666666667,0.23666666666666664,0.0,59
Chem Dawg,4.4,0.1,0.02,0.0046,0.0051,0.0076,0.0041,0.0041,0.0091,0.0017,0.0,"Euphoria,Creativity","Pain,Anxiety,Inflammation",Hybrid,Lab-Only - All data from laboratory testing,33,"Lab-Verified: 33 samples from Analytical 360, PSI Labs, SC Labs",0.3913953488372093,0.06384615384615386,0.20316666666666666,0.01,99
LSD,2.8,0.16,0.08,0.0025,0.0033,0.0059,0.0032,0.0026,0.0053,0.0042,0.0,Creativity,Stress,Hybrid,Lab-Only - All data from laboratory testing,33,"Lab-Verified: 33 samples from Analytical 360, PSI Labs, SC Labs",0.8296153846153845,0.11571428571428573,0.11527272727272729,0.0,84
Skywalker OG,3.8,0.04,0.03,0.0075,0.0036,0.0049,0.0086,0.0038,0.0064,0.0004,0.0001,Relaxation,"Pain,Anxiety,Insomnia",Indica,Lab-Only - All data from laboratory testing,33,"Lab-Verified: 33 samples from Analytical 360, PSI Labs, SC Labs",0.6085999999999999,0.14363636363636365,0.3828571428571429,0.01,84
Snoopâ€™s Dream,1.6,0.15,0.04,0.0046,0.0022,0.0047,0.0036,0.0062,0.0042,0.0011,0.0,Happiness,Stress,Hybrid,Lab-Only - All data from laboratory testing,33,Lab-Verified: 33 samples from Analytical 360,0.345,0.0,0.21086956521739125,0.0,49
Albert Walker,0.6,0.15,0.05,0.0014,0.0082,0.0045,0.0147,0.0042,0.0051,0.0012,0.0,"Sedation,Euphoria,Energy","Anxiety,Depression",Sativa,Lab-Only - All data from laboratory testing,32,Lab-Verified: 32 samples from Analytical 360,0.20333333333333334,0.0,0.236875,0.0,44
Purple Diesel,1.2,0.16,0.14,0.0062,0.0025,0.0049,0.008,0.0063,0.0095,0.0003,0.0,Relaxation,"Pain,Anxiety",Indica,Lab-Only - All data from laboratory testing,32,"Lab-Verified: 32 samples from Analytical 360, PSI Labs, SC Labs",0.5086666666666667,0.0775,0.1375609756097561,0.0,70
BHO Dutch Treat,5.0,0.44,0.4,0.0022,0.02,0.0113,0.0826,0.0071,0.0069,0.0044,0.0,"Sedation,Euphoria,Energy","Pain,Anxiety,Insomnia,Inflammation",Sativa,Lab-Only - All data from laboratory testing,31,Lab-Verified: 31 samples from Analytical 360,0.439,0.0,0.3870731707317073,0.0,69
Dairy Queen,0.7,0.14,0.1,0.0034,0.0096,0.0075,0.0081,0.003,0.0036,0.0004,0.0,"Euphoria,Energy,Creativity","Pain,Anxiety,Inflammation,Depression",Sativa,Lab-Only - All data from laboratory testing,31,Lab-Verified: 31 samples from Analytical 360,0.4656521739130434,0.08,0.11620689655172413,0.0,50
Fire OG,5.7,0.08,0.06,0.0047,0.0038,0.0061,0.0046,0.0031,0.0065,0.0002,0.0001,Happiness,"Pain,Stress",Hybrid,Lab-Only - All data from laboratory testing,31,"Lab-Verified: 31 samples from Analytical 360, PSI Labs, SC Labs",0.5071186440677967,0.2076923076923077,0.2467532467532468,0.01,129
Lemon OG,1.8,0.12,0.07,0.003,0.0028,0.0081,0.0049,0.0042,0.007,0.0004,0.0002,Happiness,"Pain,Inflammation",Hybrid,Lab-Only - All data from laboratory testing,31,"Lab-Verified: 31 samples from Analytical 360, PSI Labs, SC Labs",0.3907317073170732,0.284,0.17950000000000002,0.0,66
True OG,4.6,0.18,0.18,0.0038,0.0018,0.0072,0.0026,0.0047,0.0095,0.0014,0.0,Happiness,"Pain,Inflammation",Hybrid,Lab-Only - All data from laboratory testing,31,"Lab-Verified: 31 samples from Analytical 360, SC Labs",0.6286666666666666,0.35000000000000003,0.22695652173913047,0.095,55
Blue Magoo,0.9,0.2,0.11,0.0032,0.0008,0.0039,0.0076,0.0068,0.0089,0.0004,0.0,Happiness,"Anxiety,Stress",Hybrid,Lab-Only - All data from laboratory testing,30,Lab-Verified: 30 samples from Analytical 360,0.7683333333333334,0.13,0.20023255813953486,0.0,56
Maui Wowie,13.0,0.1,0.0,0.006,0.007,0.0055,0.0206,0.0044,0.0091,0.0023,0.0,"Energy,Euphoria,Creativity","Depression,Fatigue,Stress,Pain",Sativa,Hybrid - Lab terpenes + Manual metadata,30,Hybrid: Lab terpenes (30 samples) + Manual metadata,0.5347368421052631,0.39,0.31479999999999997,0.0,42
Blue City Diesel,1.0,0.16,0.11,0.0045,0.0016,0.0062,0.0076,0.0047,0.008,0.0004,0.0004,Happiness,"Pain,Anxiety",Hybrid,Lab-Only - All data from laboratory testing,28,Lab-Verified: 28 samples from Analytical 360,0.370952380952381,0.0,0.20833333333333334,0.0,42
Granddaddy Purple,17.0,0.1,0.5,0.0317,0.0025,0.0112,0.0133,0.0128,0.0081,0.0008,0.0145,"Sedation,Relaxation,Euphoria","Insomnia,Pain,Stress,Appetite",Indica,Hybrid - Lab terpenes + Manual metadata,28,Hybrid: Lab terpenes (28 samples) + Manual metadata,0.7526666666666666,0.32,0.34103448275862064,0.0,40
Royal Kush,2.0,0.12,0.08,0.009,0.0004,0.0031,0.0034,0.0058,0.0088,0.0,0.0017,"Relaxation,Sedation","Pain,Insomnia",Indica,Lab-Only - All data from laboratory testing,28,"Lab-Verified: 28 samples from Analytical 360, SC Labs",0.16454545454545458,0.037500000000000006,0.09258064516129032,0.0,56
Black Jack,1.0,0.06,0.05,0.0032,0.0013,0.005,0.0059,0.0018,0.0038,0.0035,0.0019,Creativity,Stress,Hybrid,Lab-Only - All data from laboratory testing,27,"Lab-Verified: 27 samples from Analytical 360, SC Labs",0.28407407407407403,0.02666666666666666,0.08318181818181819,0.0,40
Hindu Kush,15.0,0.1,0.2,0.002,0.0029,0.0054,0.0047,0.0033,0.0112,0.0007,0.0,"Sedation,Relaxation,Happiness","Insomnia,Pain,Stress,Anxiety",Indica,Hybrid - Lab terpenes + Manual metadata,27,Hybrid: Lab terpenes (27 samples) + Manual metadata,0.5149999999999999,0.055,0.2236842105263158,0.0,55
Jilly Bean,1.2,0.09,0.07,0.0047,0.0008,0.0022,0.0042,0.0011,0.0032,0.0008,0.0004,Happiness,Stress,Hybrid,Lab-Only - All data from laboratory testing,27,"Lab-Verified: 27 samples from Analytical 360, PSI Labs, SC Labs",0.27440000000000003,0.29600000000000004,0.1547826086956522,0.0,62
Querkle,0.6,0.12,0.07,0.0056,0.0034,0.0047,0.005,0.004,0.0041,0.0008,0.0,Happiness,Stress,Indica,Lab-Only - All data from laboratory testing,27,Lab-Verified: 27 samples from Analytical 360,0.5755172413793104,0.08000000000000002,0.25461538461538463,0.0,64
Pineapple,1.4,0.14,0.05,0.0032,0.0034,0.0058,0.0108,0.0029,0.0055,0.0009,0.0018,Sedation,"Anxiety,Stress",Hybrid,Lab-Only - All data from laboratory testing,26,"Lab-Verified: 26 samples from Analytical 360, SC Labs",0.5556378600823044,0.20888888888888887,0.23098159509202457,0.125,523
Animal Cookies,0.9,0.08,0.04,0.0015,0.0016,0.0067,0.0006,0.0062,0.0077,0.0,0.0,Happiness,"Pain,Stress",Hybrid,Lab-Only - All data from laboratory testing,25,"Lab-Verified: 25 samples from Analytical 360, SC Labs",0.52125,0.060000000000000005,0.1591666666666667,0.0,50
Tangie,19.0,0.1,0.0,0.0096,0.0382,0.0072,0.0052,0.0112,0.0028,0.0018,0.0001,"Energy,Euphoria,Creativity","Depression,Fatigue,Stress,Focus",Sativa,Hybrid - Lab terpenes + Manual metadata,25,Hybrid: Lab terpenes (25 samples) + Manual metadata,1.0950354609929076,0.3132467532467533,0.40475,0.045,183
9 Pound Hammer,18.0,0.1,0.4,0.56,0.08,0.22,0.08,0.04,0.02,0.0,0.0,"Sedation,Relaxation,Euphoria","Insomnia,Pain,Stress,Anxiety",Indica,Manual-Only - Curated from research sources,1,Manual: Mendeley Dataset,1.6099999999999999,0.19,0.18,0.0,7
Afghan Kush,15.0,0.1,0.3,0.55,0.1,0.22,0.08,0.03,0.02,0.0,0.0,"Sedation,Relaxation,Happiness","Insomnia,Pain,Stress,Anxiety",Indica,Manual-Only - Curated from research sources,1,Manual: Terpene Parser,0.6642857142857143,0.14,0.22111111111111115,0.0,17
Amnesia Haze,20.0,0.1,0.0,0.28,0.32,0.12,0.11,0.12,0.03,0.02,0.0,"Energy,Euphoria,Creativity","Depression,Stress,Fatigue,Pain",Sativa,Manual-Only - Curated from research sources,1,Manual: Strain Data Project,0.39999999999999997,0.01,0.11727272727272728,0.0,24
Candyland,19.0,0.1,0.0,0.22,0.38,0.15,0.05,0.12,0.05,0.03,0.0,"Energy,Euphoria,Creativity","Depression,Fatigue,Stress,Pain",Sativa,Manual-Only - Curated from research sources,1,Manual: Strain Data Project,0.5187096774193548,0.19333333333333333,0.26599999999999996,0.0,41
Chemdawg,19.0,0.1,0.0,0.4,0.25,0.2,0.05,0.08,0.02,0.0,0.0,"Relaxation,Euphoria,Creativity","Pain,Stress,Depression,Anxiety",Hybrid,Manual-Only - Curated from research sources,1,Manual: Mendeley Dataset,0.3506666666666666,0.2925,0.1967567567567568,0.0,65
Do-Si-Dos,19.0,0.1,0.2,0.42,0.18,0.25,0.08,0.05,0.02,0.0,0.0,"Relaxation,Sedation,Euphoria","Insomnia,Pain,Stress,Appetite",Indica,Manual-Only - Curated from research sources,1,Manual: Mendeley Dataset,0.202,0.06,0.02,0.0,5
Gelato,18.0,0.1,0.1,0.38,0.22,0.22,0.1,0.06,0.02,0.0,0.0,"Relaxation,Euphoria,Creativity","Pain,Stress,Insomnia,Anxiety",Hybrid,Manual-Only - Curated from research sources,1,Manual: Strain Data Project,0.3748529411764706,0.2394736842105263,0.29142857142857137,0.0,70
God's Gift,18.0,0.1,0.3,0.52,0.1,0.22,0.1,0.04,0.02,0.0,0.0,"Sedation,Relaxation,Euphoria","Insomnia,Pain,Stress,Appetite",Indica,Manual-Only - Curated from research sources,1,Manual: Mendeley Dataset,0.33818181818181814,0.24,0.15,0.0,22
Purple Haze,16.0,0.1,0.0,0.3,0.28,0.12,0.08,0.15,0.05,0.02,0.0,"Energy,Euphoria,Creativity","Depression,Stress,Fatigue,Pain",Sativa,Manual-Only - Curated from research sources,1,Manual: Terpene Parser,0.17363636363636364,0.06333333333333334,0.11333333333333334,0.0,32
Purple Punch,18.0,0.1,0.3,0.54,0.08,0.2,0.12,0.04,0.02,0.0,0.0,"Sedation,Relaxation,Euphoria","Insomnia,Pain,Stress,Anxiety",Indica,Manual-Only - Curated from research sources,1,Manual: Strain Data Project,0.320625,0.3675,0.188,0.0,17
Runtz,19.0,0.1,0.1,0.4,0.28,0.18,0.08,0.04,0.02,0.0,0.0,"Relaxation,Euphoria,Creativity","Stress,Pain,Anxiety,Insomnia",Hybrid,Manual-Only - Curated from research sources,1,Manual: Strain Data Project,0.0,0.0,0.0,0.0,0
Wedding Cake,19.0,0.1,0.1,0.4,0.2,0.24,0.09,0.05,0.02,0.0,0.0,"Relaxation,Euphoria,Happiness","Pain,Stress,Insomnia,Anxiety",Hybrid,Manual-Only - Curated from research sources,1,Manual: Strain Data Project,0.18333333333333332,0.01,0.057999999999999996,0.0,14
Zkittlez,15.0,0.1,0.1,0.45,0.2,0.18,0.1,0.05,0.02,0.0,0.0,"Relaxation,Euphoria,Happiness","Stress,Pain,Insomnia,Anxiety",Indica,Manual-Only - Curated from research sources,1,Manual: Strain Data Project,0.2777272727272727,0.1366666666666667,0.19999999999999998,0.0,23
